title,description,filename,geo3x3
サンドーム福井,<a href=/place#id=1>詳細</a>,vr-sundome.jpg,E9138732236
サンドーム福井（内部）,<a href=/place#id=1>詳細</a>,vr-sundome-inside.jpg,E9138732236
福井高専,<a href=/place#id=1>詳細</a>,vr-fnct.jpg,E9138732251953
日野川,<a href=/place#id=1>詳細</a>,vr-hinogawa.jpg,E913873252768
西山公園1,<a href=/place#id=1>詳細</a>,vr-nishiyama1.jpg,E9138732295499
西山公園2,<a href=/place#id=1>詳細</a>,vr-nishiyama2.jpg,E9138732298238
西山公園2(つつじ),<a href=/place#id=1>詳細</a>,vr-nishiyama2-tsutsuji.jpg,E9138732298238
西山公園3,<a href=/place#id=1>詳細</a>,vr-nishiyama3.jpg,E9138732295287
鯖江市役所,<a href=/place#id=1>詳細</a>,vr-sabae-cityhall.jpg,E913873253613663
SCC,<a href=/place#id=1>詳細</a>,vr-scc.jpg,E9138732292999
Hana道場,<a href=/place#id=1>詳細</a>,vr-hanadojo.jpg,E91387322933299
めがね会館,<a href=/place#id=1>詳細</a>,vr-meganekaikan.jpg,E9138732358471
めがね会館(真上),<a href=/place#id=1>詳細</a>,vr-meganekaikan2.jpg,E9138732358471
jig.jp(予定 2022.2現在),<a href=/place#id=1>詳細</a>,vr-jig202202.jpg,E9138732358822
jig.jp(予定),<a href=/place#id=1>詳細</a>,vr-jig.jpg,E9138732358822
EIGHT-SENSE,<a href=/place#id=1>詳細</a>,vr-eight-sense.jpg,E9138732384846
鯖江市中河,<a href=/place#id=1>詳細</a>,vr-sabae-nakagawa,E9138732399587
鯖江市神明,<a href=/place#id=1>詳細</a>,vr-sabae-shinmei,E9138732567837
SABAE看板,<a href=/place#id=1>詳細</a>,vr-sabae-signboard.jpg,E913873269446
トップテクノ,<a href=/place#id=1>詳細</a>,vr-toptechno.jpg,E9138733447531
福井県産業支援センター,<a href=/place#id=1>詳細</a>,vr-fukui-sangyoshien-center.jpg,E913873937229264
しまだ,<a href=/place#id=1>詳細</a>,vr-shimada.jpg,E9138736711786
福井市少年少女発明クラブ,<a href=/place#id=1>詳細</a>,vr-inventclub.jpg,E9138739311678
武生中央公園,<a href=/place#id=1>詳細</a>,vr-darumachan-park.jpg,E9138498733336
おりょうり京町萬谷,<a href=/place#id=1>詳細</a>,vr-mantani.jpg,E9138498815834
蔵の辻,<a href=/place#id=1>詳細</a>,vr-kuranotsuji.jpg,E9138498816195
村国山1,<a href=/place#id=1>詳細</a>,vr-murakuni1.jpg,E9138498832846
村国山2,<a href=/place#id=1>詳細</a>,vr-murakuni2.jpg,E9138498831655
太陽の広場,<a href=/place#id=1>詳細</a>,vr-taiyonohiroba.jpg,E913849787723967
吉野瀬川ダム(小野町),<a href=/place#id=1>詳細</a>,vr-kono.jpg,E913849756152113
永平寺 柏樹関,<a href=/place#id=1>詳細</a>,vr-eiheiji.jpg,E913881467143655
永平寺町 四季の森,<a href=/place#id=1>詳細</a>,vr-shikinomori.jpg,E913881487724
大野城1,<a href=/place#id=1>詳細</a>,vr-ono-castle.jpg,E913881373579355
大野城2,<a href=/place#id=1>詳細</a>,vr-ono-castle-sky.jpg,E913881373579355
大野城3(冬),<a href=/place#id=1>詳細</a>,vr-ono-castle-sky.jpg,E913881373579355
勝山ホワイトサウルス,<a href=/place#id=1>詳細</a>,vr-katsuyama-d.jpg,E913881685545562
勝山ホワイトサウルス(上空),<a href=/place#id=1>詳細</a>,vr-katsuyama-d-sky.jpg,E913881685545562
美浜の海岸,<a href=/place#id=1>詳細</a>,vr-mihama.jpg,E913845942184831
浜地の海岸（坂井市三国町）,<a href=/place#id=1>詳細</a>,vr-hamachi.jpg,E913876287691554
東尋坊,<a href=/place#id=1>詳細</a>,vr-tojinbo.jpg,E913876196244346